sp,precip_media,precip_sd
halepensis,242.75705128650253,106.22718324447915
nigra,332.42500016332053,111.46511711985984
pinaster,352.3102567241742,129.3108776751559
sylvestris,639.3326923571145,271.8177144196292
