elevation,precip_media,precip_sd
high,418.6903846435464,217.3558020187891
low,372.9644233495212,227.6629404444074
medium,383.46394240526627,228.29898839804673
